{"cameraMode":{"drawMode":0,"name":"Shaded","section":"Shading Mode"},"sceneLighting":false,"audioPlay":false,"sceneViewState":{"showFog":true,"showMaterialUpdate":false,"showSkybox":true,"showFlares":true,"showImageEffects":true,"showParticleSystems":true},"in2DMode":false,"pivot":{"x":-0.07207503169775009,"y":1.2761963605880738,"z":0.35263681411743166},"rotation":{"x":0.025362487882375718,"y":0.9745998382568359,"z":-0.15359729528427125,"w":0.16108734905719758},"size":2.7208478450775148,"orthographic":false}