{"cameraMode":{"drawMode":0,"name":"Shaded","section":"Shading Mode"},"sceneLighting":false,"audioPlay":false,"sceneViewState":{"showFog":true,"showMaterialUpdate":false,"showSkybox":true,"showFlares":true,"showImageEffects":true,"showParticleSystems":true},"in2DMode":false,"pivot":{"x":0.12452459335327149,"y":-0.3713500499725342,"z":-0.9618625640869141},"rotation":{"x":0.04761362448334694,"y":-0.9502682089805603,"z":0.24771100282669068,"w":0.18265505135059358},"size":1.7660646438598633,"orthographic":false}