{"cameraMode":{"drawMode":0,"name":"Shaded","section":"Shading Mode"},"sceneLighting":false,"audioPlay":false,"sceneViewState":{"showFog":true,"showMaterialUpdate":false,"showSkybox":true,"showFlares":true,"showImageEffects":true,"showParticleSystems":true},"in2DMode":false,"pivot":{"x":-0.576106071472168,"y":0.36789965629577639,"z":-0.965111494064331},"rotation":{"x":-0.027917848899960519,"y":0.9643422365188599,"z":-0.11334574222564697,"w":-0.23752446472644807},"size":1.6668272018432618,"orthographic":false}