{"cameraMode":{"drawMode":0,"name":"Shaded","section":"Shading Mode"},"sceneLighting":false,"audioPlay":false,"sceneViewState":{"showFog":true,"showMaterialUpdate":false,"showSkybox":true,"showFlares":true,"showImageEffects":true,"showParticleSystems":true},"in2DMode":false,"pivot":{"x":4.330622673034668,"y":7.126829624176025,"z":4.396004676818848},"rotation":{"x":-0.06828995048999787,"y":0.918822169303894,"z":-0.18290767073631288,"w":-0.3430330455303192},"size":1.6668272018432618,"orthographic":false}