{"cameraMode":{"drawMode":0,"name":"Shaded","section":"Shading Mode"},"sceneLighting":false,"audioPlay":false,"sceneViewState":{"showFog":true,"showMaterialUpdate":false,"showSkybox":true,"showFlares":true,"showImageEffects":true,"showParticleSystems":true},"in2DMode":false,"pivot":{"x":0.13671669363975526,"y":0.1422005295753479,"z":-2.2151763439178469},"rotation":{"x":-0.003699574386700988,"y":0.9950008392333984,"z":-0.09129749983549118,"w":-0.040319569408893588},"size":2.5668270587921144,"orthographic":false}