{"cameraMode":{"drawMode":0,"name":"Shaded","section":"Shading Mode"},"sceneLighting":false,"audioPlay":false,"sceneViewState":{"showFog":true,"showMaterialUpdate":false,"showSkybox":true,"showFlares":true,"showImageEffects":true,"showParticleSystems":true},"in2DMode":false,"pivot":{"x":16.22696304321289,"y":5.782805442810059,"z":-4.257934093475342},"rotation":{"x":0.09285800904035568,"y":-0.7709758877754211,"z":0.11558138579130173,"w":0.6193774938583374},"size":10.0,"orthographic":false}