{"cameraMode":{"drawMode":0,"name":"Shaded","section":"Shading Mode"},"sceneLighting":false,"audioPlay":false,"sceneViewState":{"showFog":true,"showMaterialUpdate":false,"showSkybox":true,"showFlares":true,"showImageEffects":true,"showParticleSystems":true},"in2DMode":false,"pivot":{"x":-193.25741577148438,"y":-169.01385498046876,"z":136.24990844726563},"rotation":{"x":-0.25763943791389468,"y":0.4381408989429474,"z":-0.13265952467918397,"w":-0.850935697555542},"size":168.8158721923828,"orthographic":false}