{"cameraMode":{"drawMode":0,"name":"Shaded","section":"Shading Mode"},"sceneLighting":false,"audioPlay":false,"sceneViewState":{"showFog":true,"showMaterialUpdate":false,"showSkybox":true,"showFlares":true,"showImageEffects":true,"showParticleSystems":true},"in2DMode":false,"pivot":{"x":-0.7303286194801331,"y":-1.1206514835357667,"z":-0.33838191628456118},"rotation":{"x":0.12171182781457901,"y":-0.6774054765701294,"z":0.11510106921195984,"w":0.7162904143333435},"size":10.0,"orthographic":false}