{"cameraMode":{"drawMode":0,"name":"Shaded","section":"Shading Mode"},"sceneLighting":false,"audioPlay":false,"sceneViewState":{"showFog":true,"showMaterialUpdate":false,"showSkybox":true,"showFlares":true,"showImageEffects":true,"showParticleSystems":true},"in2DMode":false,"pivot":{"x":0.14229059219360352,"y":0.9949989318847656,"z":0.6776309013366699},"rotation":{"x":-0.07554081827402115,"y":-0.6893669962882996,"z":-0.07265075296163559,"w":0.7167905569076538},"size":2.3660645484924318,"orthographic":false}