{"cameraMode":{"drawMode":0,"name":"Shaded","section":"Shading Mode"},"sceneLighting":false,"audioPlay":false,"sceneViewState":{"showFog":true,"showMaterialUpdate":false,"showSkybox":true,"showFlares":true,"showImageEffects":true,"showParticleSystems":true},"in2DMode":false,"pivot":{"x":8.216465950012207,"y":11.458617210388184,"z":-11.128255844116211},"rotation":{"x":-0.27198901772499087,"y":0.5242192149162293,"z":-0.1813153475522995,"w":-0.7863651514053345},"size":1.2247449159622193,"orthographic":false}