{"cameraMode":{"drawMode":0,"name":"Shaded","section":"Shading Mode"},"sceneLighting":false,"audioPlay":false,"sceneViewState":{"showFog":true,"showMaterialUpdate":false,"showSkybox":true,"showFlares":true,"showImageEffects":true,"showParticleSystems":true},"in2DMode":false,"pivot":{"x":-9.279504776000977,"y":-1.0189447402954102,"z":1.4210081100463868},"rotation":{"x":0.1850021481513977,"y":0.33709675073623659,"z":-0.06774082779884339,"w":0.9206371307373047},"size":10.0,"orthographic":false}