{"cameraMode":{"drawMode":0,"name":"Shaded","section":"Shading Mode"},"sceneLighting":false,"audioPlay":false,"sceneViewState":{"showFog":true,"showMaterialUpdate":false,"showSkybox":true,"showFlares":true,"showImageEffects":true,"showParticleSystems":true},"in2DMode":false,"pivot":{"x":0.682172417640686,"y":0.7277870178222656,"z":-0.48186397552490237},"rotation":{"x":0.03149506822228432,"y":0.9539072513580322,"z":-0.2782433032989502,"w":0.10806741565465927},"size":2.7208478450775148,"orthographic":false}