{"cameraMode":{"drawMode":0,"name":"Shaded","section":"Shading Mode"},"sceneLighting":false,"audioPlay":false,"sceneViewState":{"showFog":true,"showMaterialUpdate":false,"showSkybox":true,"showFlares":true,"showImageEffects":true,"showParticleSystems":true},"in2DMode":false,"pivot":{"x":-26.6301326751709,"y":-10.718846321105957,"z":18.721527099609376},"rotation":{"x":0.1811363250017166,"y":-0.4385944902896881,"z":0.09073110669851303,"w":0.8755612969398499},"size":23.852176666259767,"orthographic":false}