{"cameraMode":{"drawMode":0,"name":"Shaded","section":"Shading Mode"},"sceneLighting":false,"audioPlay":false,"sceneViewState":{"showFog":true,"showMaterialUpdate":false,"showSkybox":true,"showFlares":true,"showImageEffects":true,"showParticleSystems":true},"in2DMode":false,"pivot":{"x":-10.006845474243164,"y":1.8485057353973389,"z":-10.614920616149903},"rotation":{"x":0.10892114043235779,"y":0.6856443285942078,"z":-0.104913130402565,"w":0.7120736837387085},"size":1.7191109657287598,"orthographic":false}