{"cameraMode":{"drawMode":0,"name":"Shaded","section":"Shading Mode"},"sceneLighting":false,"audioPlay":false,"sceneViewState":{"showFog":true,"showMaterialUpdate":false,"showSkybox":true,"showFlares":true,"showImageEffects":true,"showParticleSystems":true},"in2DMode":false,"pivot":{"x":-10.552217483520508,"y":1.6055468320846558,"z":-12.392970085144043},"rotation":{"x":0.09238703548908234,"y":0.8555744886398315,"z":-0.16394522786140443,"w":0.4822935163974762},"size":1.7191109657287598,"orthographic":false}