{"cameraMode":{"drawMode":0,"name":"Shaded","section":"Shading Mode"},"sceneLighting":false,"audioPlay":false,"sceneViewState":{"showFog":true,"showMaterialUpdate":false,"showSkybox":false,"showFlares":true,"showImageEffects":true,"showParticleSystems":true},"in2DMode":false,"pivot":{"x":0.3320651352405548,"y":0.08126089721918106,"z":-4.982114791870117},"rotation":{"x":0.0015301245730370284,"y":0.9921502470970154,"z":-0.124477319419384,"w":0.012205126695334912},"size":5.099019527435303,"orthographic":false}