{"cameraMode":{"drawMode":0,"name":"Shaded","section":"Shading Mode"},"sceneLighting":false,"audioPlay":false,"sceneViewState":{"showFog":true,"showMaterialUpdate":false,"showSkybox":false,"showFlares":true,"showImageEffects":true,"showParticleSystems":true},"in2DMode":false,"pivot":{"x":-3.2463293075561525,"y":0.5670253038406372,"z":1.5653457641601563},"rotation":{"x":-0.10190733522176743,"y":0.6188610196113586,"z":-0.08141759037971497,"w":-0.7745976448059082},"size":4.041658401489258,"orthographic":false}