{"cameraMode":{"drawMode":0,"name":"Shaded","section":"Shading Mode"},"sceneLighting":false,"audioPlay":false,"sceneViewState":{"showFog":true,"showMaterialUpdate":false,"showSkybox":true,"showFlares":true,"showImageEffects":true,"showParticleSystems":true},"in2DMode":false,"pivot":{"x":-1.0837725400924683,"y":1.4900946617126465,"z":-0.4067579209804535},"rotation":{"x":-0.078209787607193,"y":-0.8850051760673523,"z":0.16104371845722199,"w":-0.4297925531864166},"size":1.6668272018432618,"orthographic":false}