{"cameraMode":{"drawMode":0,"name":"Shaded","section":"Shading Mode"},"sceneLighting":false,"audioPlay":false,"sceneViewState":{"showFog":true,"showMaterialUpdate":false,"showSkybox":false,"showFlares":true,"showImageEffects":true,"showParticleSystems":true},"in2DMode":false,"pivot":{"x":0.8176966905593872,"y":-1.7697674036026,"z":-5.765269756317139},"rotation":{"x":-0.00010862870840355754,"y":-0.98873370885849,"z":0.14974695444107057,"w":-0.0008872386533766985},"size":4.2150397300720219,"orthographic":false}