{"cameraMode":{"drawMode":0,"name":"Shaded","section":"Shading Mode"},"sceneLighting":false,"audioPlay":false,"sceneViewState":{"showFog":true,"showMaterialUpdate":false,"showSkybox":false,"showFlares":true,"showImageEffects":true,"showParticleSystems":true},"in2DMode":false,"pivot":{"x":-0.5046728849411011,"y":-0.3716515898704529,"z":-5.8473052978515629},"rotation":{"x":0.0026240700390189888,"y":-0.9939855337142944,"z":0.02416667714715004,"w":0.10687068849802017},"size":3.31503963470459,"orthographic":false}