{"cameraMode":{"drawMode":0,"name":"Shaded","section":"Shading Mode"},"sceneLighting":false,"audioPlay":false,"sceneViewState":{"showFog":true,"showMaterialUpdate":false,"showSkybox":false,"showFlares":true,"showImageEffects":true,"showParticleSystems":true},"in2DMode":false,"pivot":{"x":2.925874710083008,"y":-1.3096802234649659,"z":-6.1245198249816898},"rotation":{"x":-0.017579855397343637,"y":-0.9822587370872498,"z":0.12324078381061554,"w":-0.14032232761383058},"size":4.2150397300720219,"orthographic":false}