{"cameraMode":{"drawMode":0,"name":"Shaded","section":"Shading Mode"},"sceneLighting":false,"audioPlay":false,"sceneViewState":{"showFog":true,"showMaterialUpdate":false,"showSkybox":false,"showFlares":true,"showImageEffects":true,"showParticleSystems":true},"in2DMode":false,"pivot":{"x":1.2508362531661988,"y":-1.0359649658203126,"z":-5.801228046417236},"rotation":{"x":-0.005112292245030403,"y":-0.9932807087898254,"z":0.10499293357133866,"w":-0.04860636591911316},"size":4.2150397300720219,"orthographic":false}